estimatedTimeBeijing,actualIntervalMs,anomalyStatus,anomalyNote,source,index,integrityOk,bootSessionId,uptimeMs,windOk,airOk,soilOk,solar1Ok,solar2Ok,airPressureHpa,windVoltage,windSpeedMs,airTemperatureC,airHumidityPercent,soilTemperatureC,soilMoisturePercent,solar1Wm2,solar2Wm2,
"=DATE(2026,7,29)+TIME(0,30,0)",,,,current,0,True,578202819,28545,True,True,True,True,True,1014,0.0,0.0,28.06,68.83,30.3,6.7,0,0,
"=A2+IF(H3=H2,I3-I2,I3)/86400000","=IF(H3=H2,I3-I2,I3)",,,current,1,True,578202819,329499,True,True,True,True,True,1013,0.0,0.0,29.46,69.53,30.4,13.4,0,0,
"=A3+IF(H4=H3,I4-I3,I4)/86400000","=IF(H4=H3,I4-I3,I4)",,,current,2,True,578202819,630450,True,True,True,True,True,1013,0.0,0.0,29.86,69.86,30.4,13.6,0,0,
"=A4+IF(H5=H4,I5-I4,I5)/86400000","=IF(H5=H4,I5-I4,I5)",,,current,3,True,578202819,931404,True,True,True,True,True,1013,0.0,0.0,30.02,70.02,30.4,13.6,0,0,
"=A5+IF(H6=H5,I6-I5,I6)/86400000","=IF(H6=H5,I6-I5,I6)",,,current,4,True,578202819,1232363,True,True,True,True,True,1013,0.0,0.0,30.09,70.11,30.3,13.6,0,0,
"=A6+IF(H7=H6,I7-I6,I7)/86400000","=IF(H7=H6,I7-I6,I7)",,,current,5,True,578202819,1533324,True,True,True,True,True,1013,0.0,0.0,30.15,70.15,30.3,13.6,0,0,
"=A7+IF(H8=H7,I8-I7,I8)/86400000","=IF(H8=H7,I8-I7,I8)",,,current,6,True,578202819,1834289,True,True,True,True,True,1013,0.0,0.0,30.18,70.16,30.3,13.6,0,0,
"=A8+IF(H9=H8,I9-I8,I9)/86400000","=IF(H9=H8,I9-I8,I9)",,,current,7,True,578202819,2135278,True,True,True,True,True,1013,0.0,0.0,30.15,70.21,30.3,13.5,0,0,
"=A9+IF(H10=H9,I10-I9,I10)/86400000","=IF(H10=H9,I10-I9,I10)",,,current,8,True,578202819,2436233,True,True,True,True,True,1013,0.0,0.0,30.16,70.17,30.3,13.6,0,0,
"=A10+IF(H11=H10,I11-I10,I11)/86400000","=IF(H11=H10,I11-I10,I11)",,,current,9,True,578202819,2737193,True,True,True,True,True,1013,0.0,0.0,30.14,70.18,30.3,13.7,0,0,
"=A11+IF(H12=H11,I12-I11,I12)/86400000","=IF(H12=H11,I12-I11,I12)",,,current,10,True,578202819,3038176,True,True,True,True,True,1013,0.0,0.0,30.15,70.19,30.3,13.6,0,0,
"=A12+IF(H13=H12,I13-I12,I13)/86400000","=IF(H13=H12,I13-I12,I13)",,,current,11,True,578202819,3339128,True,True,True,True,True,1013,0.0,0.0,30.14,70.27,30.3,13.6,0,0,
"=A13+IF(H14=H13,I14-I13,I14)/86400000","=IF(H14=H13,I14-I13,I14)",,,current,12,True,578202819,3640082,True,True,True,True,True,1013,0.001,0.033,30.06,70.21,30.3,13.6,0,0,
"=A14+IF(H15=H14,I15-I14,I15)/86400000","=IF(H15=H14,I15-I14,I15)",,,current,13,True,578202819,3941037,True,True,True,True,True,1013,0.0,0.0,30.08,70.21,30.3,13.6,0,0,
"=A15+IF(H16=H15,I16-I15,I16)/86400000","=IF(H16=H15,I16-I15,I16)",,,current,14,True,578202819,4241994,True,True,True,True,True,1013,0.0,0.0,30.08,70.23,30.2,13.6,0,0,
"=A16+IF(H17=H16,I17-I16,I17)/86400000","=IF(H17=H16,I17-I16,I17)",,,current,15,True,578202819,4542953,True,True,True,True,True,1013,0.0,0.0,30.07,70.28,30.2,13.6,0,0,
"=A17+IF(H18=H17,I18-I17,I18)/86400000","=IF(H18=H17,I18-I17,I18)",,,current,16,True,578202819,4843914,True,True,True,True,True,1013,0.0,0.0,30.02,70.31,30.2,13.6,0,0,
"=A18+IF(H19=H18,I19-I18,I19)/86400000","=IF(H19=H18,I19-I18,I19)",,,current,17,True,578202819,5144875,True,True,True,True,True,1013,0.0,0.0,30.01,70.25,30.2,13.6,0,0,
"=A19+IF(H20=H19,I20-I19,I20)/86400000","=IF(H20=H19,I20-I19,I20)",,,current,18,True,578202819,5445841,True,True,True,True,True,1013,0.0,0.0,30.02,70.3,30.2,13.6,0,0,
"=A20+IF(H21=H20,I21-I20,I21)/86400000","=IF(H21=H20,I21-I20,I21)",,,current,19,True,578202819,5746808,True,True,True,True,True,1013,0.0,0.0,30.04,70.35,30.2,13.6,0,0,
"=A21+IF(H22=H21,I22-I21,I22)/86400000","=IF(H22=H21,I22-I21,I22)",,,current,20,True,578202819,6047780,True,True,True,True,True,1013,0.053,1.418,30.02,70.31,30.2,13.6,0,0,
"=A22+IF(H23=H22,I23-I22,I23)/86400000","=IF(H23=H22,I23-I22,I23)",,,current,21,True,578202819,6348752,True,True,True,True,True,1013,0.0,0.0,29.97,70.35,30.2,13.6,0,0,
"=A23+IF(H24=H23,I24-I23,I24)/86400000","=IF(H24=H23,I24-I23,I24)",,,current,22,True,578202819,6649751,True,True,True,True,True,1013,0.045,1.22,29.96,70.35,30.2,13.6,0,0,
"=A24+IF(H25=H24,I25-I24,I25)/86400000","=IF(H25=H24,I25-I24,I25)",,,current,23,True,578202819,6950699,True,True,True,True,True,1013,0.0,0.0,29.99,70.34,30.2,13.5,0,0,
"=A25+IF(H26=H25,I26-I25,I26)/86400000","=IF(H26=H25,I26-I25,I26)",,,current,24,True,578202819,7251648,True,True,True,True,True,1013,0.0,0.0,29.98,70.35,30.2,13.6,0,0,
"=A26+IF(H27=H26,I27-I26,I27)/86400000","=IF(H27=H26,I27-I26,I27)",,,current,25,True,578202819,7552602,True,True,True,True,True,1013,0.0,0.0,29.94,70.34,30.1,13.6,0,0,
"=A27+IF(H28=H27,I28-I27,I28)/86400000","=IF(H28=H27,I28-I27,I28)",,,current,26,True,578202819,7853557,True,True,True,True,True,1013,0.0,0.0,29.92,70.39,30.1,13.6,0,0,
"=A28+IF(H29=H28,I29-I28,I29)/86400000","=IF(H29=H28,I29-I28,I29)",,,current,27,True,578202819,8154513,True,True,True,True,True,1013,0.0,0.0,29.9,70.45,30.1,13.6,0,0,
"=A29+IF(H30=H29,I30-I29,I30)/86400000","=IF(H30=H29,I30-I29,I30)",,,current,28,True,578202819,8455469,True,True,True,True,True,1013,0.0,0.0,29.87,70.43,30.1,13.6,0,0,
"=A30+IF(H31=H30,I31-I30,I31)/86400000","=IF(H31=H30,I31-I30,I31)",,,current,29,True,578202819,8756432,True,True,True,True,True,1013,0.034,0.923,29.87,70.45,30.1,13.6,0,0,
"=A31+IF(H32=H31,I32-I31,I32)/86400000","=IF(H32=H31,I32-I31,I32)",,,current,30,True,578202819,9057396,True,True,True,True,True,1013,0.107,2.901,29.82,70.44,30.1,13.6,0,0,
"=A32+IF(H33=H32,I33-I32,I33)/86400000","=IF(H33=H32,I33-I32,I33)",,,current,31,True,578202819,9358359,True,True,True,True,True,1013,0.0,0.0,29.82,70.5,30.1,13.5,0,0,
"=A33+IF(H34=H33,I34-I33,I34)/86400000","=IF(H34=H33,I34-I33,I34)",,,current,32,True,578202819,9659326,True,True,True,True,True,1013,0.0,0.0,29.8,70.46,30.0,13.6,0,0,
"=A34+IF(H35=H34,I35-I34,I35)/86400000","=IF(H35=H34,I35-I34,I35)",,,current,33,True,578202819,9960294,True,True,True,True,True,1013,0.0,0.0,29.84,70.49,30.0,13.6,0,0,
"=A35+IF(H36=H35,I36-I35,I36)/86400000","=IF(H36=H35,I36-I35,I36)",,,current,34,True,578202819,10261264,True,True,True,True,True,1012,0.028,0.758,29.81,70.53,30.0,13.6,0,0,
"=A36+IF(H37=H36,I37-I36,I37)/86400000","=IF(H37=H36,I37-I36,I37)",,,current,35,True,578202819,10562236,True,True,True,True,True,1013,0.0,0.0,29.8,70.62,30.0,13.5,0,0,
"=A37+IF(H38=H37,I38-I37,I38)/86400000","=IF(H38=H37,I38-I37,I38)",,,current,36,True,578202819,10863209,True,True,True,True,True,1013,0.0,0.0,29.8,70.58,30.0,13.5,0,0,
"=A38+IF(H39=H38,I39-I38,I39)/86400000","=IF(H39=H38,I39-I38,I39)",,,current,37,True,578202819,11164184,True,True,True,True,True,1013,0.0,0.0,29.76,70.61,30.0,13.6,0,0,
"=A39+IF(H40=H39,I40-I39,I40)/86400000","=IF(H40=H39,I40-I39,I40)",,,current,38,True,578202819,11465191,True,True,True,True,True,1012,0.121,3.264,29.74,70.62,30.0,13.6,0,0,
"=A40+IF(H41=H40,I41-I40,I41)/86400000","=IF(H41=H40,I41-I40,I41)",,,current,39,True,578202819,11766144,True,True,True,True,True,1012,0.0,0.0,29.69,70.65,30.0,13.6,0,0,
"=A41+IF(H42=H41,I42-I41,I42)/86400000","=IF(H42=H41,I42-I41,I42)",,,current,40,True,578202819,12067099,True,True,True,True,True,1013,0.0,0.0,29.68,70.64,30.0,13.5,0,0,
"=A42+IF(H43=H42,I43-I42,I43)/86400000","=IF(H43=H42,I43-I42,I43)",,,current,41,True,578202819,12368055,True,True,True,True,True,1013,0.0,0.0,29.69,70.7,30.0,13.6,0,0,
"=A43+IF(H44=H43,I44-I43,I44)/86400000","=IF(H44=H43,I44-I43,I44)",,,current,42,True,578202819,12669014,True,True,True,True,True,1013,0.0,0.0,29.64,70.73,30.0,13.6,0,0,
"=A44+IF(H45=H44,I45-I44,I45)/86400000","=IF(H45=H44,I45-I44,I45)",,,current,43,True,578202819,12969974,True,True,True,True,True,1013,0.0,0.0,29.62,70.79,30.0,13.6,0,0,
"=A45+IF(H46=H45,I46-I45,I46)/86400000","=IF(H46=H45,I46-I45,I46)",,,current,44,True,578202819,13270936,True,True,True,True,True,1013,0.0,0.0,29.65,70.79,30.0,13.6,0,0,
"=A46+IF(H47=H46,I47-I46,I47)/86400000","=IF(H47=H46,I47-I46,I47)",,,current,45,True,578202819,13571899,True,True,True,True,True,1013,0.0,0.0,29.58,70.78,30.0,13.5,0,0,
"=A47+IF(H48=H47,I48-I47,I48)/86400000","=IF(H48=H47,I48-I47,I48)",,,current,46,True,578202819,13872864,True,True,True,True,True,1013,0.0,0.0,29.58,70.81,29.9,13.6,0,0,
"=A48+IF(H49=H48,I49-I48,I49)/86400000","=IF(H49=H48,I49-I48,I49)",,,current,47,True,578202819,14173835,True,True,True,True,True,1013,0.0,0.0,29.56,70.87,29.9,13.5,0,0,
"=A49+IF(H50=H49,I50-I49,I50)/86400000","=IF(H50=H49,I50-I49,I50)",,,current,48,True,578202819,14474805,True,True,True,True,True,1013,0.023,0.626,29.58,70.89,29.9,13.6,0,0,
"=A50+IF(H51=H50,I51-I50,I51)/86400000","=IF(H51=H50,I51-I50,I51)",,,current,49,True,578202819,14775775,True,True,True,True,True,1013,0.0,0.0,29.59,70.91,29.9,13.6,0,0,
"=A51+IF(H52=H51,I52-I51,I52)/86400000","=IF(H52=H51,I52-I51,I52)",,,current,50,True,578202819,15076747,True,True,True,True,True,1013,0.0,0.0,29.64,70.96,29.9,13.6,0,0,
"=A52+IF(H53=H52,I53-I52,I53)/86400000","=IF(H53=H52,I53-I52,I53)",,,current,51,True,578202819,15377721,True,True,True,True,True,1013,0.0,0.0,29.61,70.96,29.9,13.5,0,0,
"=A53+IF(H54=H53,I54-I53,I54)/86400000","=IF(H54=H53,I54-I53,I54)",,,current,52,True,578202819,15678698,True,True,True,True,True,1013,0.0,0.0,29.58,71.03,29.9,13.6,0,0,
"=A54+IF(H55=H54,I55-I54,I55)/86400000","=IF(H55=H54,I55-I54,I55)",,,current,53,True,578202819,15979677,True,True,True,True,True,1013,0.0,0.0,29.54,71.03,29.8,13.6,0,0,
"=A55+IF(H56=H55,I56-I55,I56)/86400000","=IF(H56=H55,I56-I55,I56)",,,current,54,True,578202819,16280687,True,True,True,True,True,1013,0.0,0.0,29.52,71.06,29.8,13.6,0,0,
"=A56+IF(H57=H56,I57-I56,I57)/86400000","=IF(H57=H56,I57-I56,I57)",,,current,55,True,578202819,16581642,True,True,True,True,True,1013,0.0,0.0,29.46,71.11,29.8,13.6,0,1,
"=A57+IF(H58=H57,I58-I57,I58)/86400000","=IF(H58=H57,I58-I57,I58)",,,current,56,True,578202819,16882598,True,True,True,True,True,1013,0.0,0.0,29.46,71.07,29.8,13.6,0,1,
"=A58+IF(H59=H58,I59-I58,I59)/86400000","=IF(H59=H58,I59-I58,I59)",,,current,57,True,578202819,17183557,True,True,True,True,True,1013,0.0,0.0,29.43,71.13,29.9,13.6,0,2,
"=A59+IF(H60=H59,I60-I59,I60)/86400000","=IF(H60=H59,I60-I59,I60)",,,current,58,True,578202819,17484518,True,True,True,True,True,1013,0.0,0.0,29.45,71.13,29.8,13.6,0,3,
"=A60+IF(H61=H60,I61-I60,I61)/86400000","=IF(H61=H60,I61-I60,I61)",,,current,59,True,578202819,17785481,True,True,True,True,True,1013,0.0,0.0,29.51,71.21,29.8,13.6,1,4,
"=A61+IF(H62=H61,I62-I61,I62)/86400000","=IF(H62=H61,I62-I61,I62)",,,current,60,True,578202819,18086447,True,True,True,True,True,1013,0.004,0.099,29.56,71.25,29.8,13.6,1,5,
"=A62+IF(H63=H62,I63-I62,I63)/86400000","=IF(H63=H62,I63-I62,I63)",,,current,61,True,578202819,18387414,True,True,True,True,True,1013,0.0,0.0,29.58,71.3,29.8,13.5,1,6,
"=A63+IF(H64=H63,I64-I63,I64)/86400000","=IF(H64=H63,I64-I63,I64)",,,current,62,True,578202819,18688380,True,True,True,True,True,1013,0.0,0.0,29.59,71.34,29.8,13.6,2,7,
"=A64+IF(H65=H64,I65-I64,I65)/86400000","=IF(H65=H64,I65-I64,I65)",,,current,63,True,578202819,18989349,True,True,True,True,True,1013,0.0,0.0,29.56,71.33,29.8,13.6,2,8,
"=A65+IF(H66=H65,I66-I65,I66)/86400000","=IF(H66=H65,I66-I65,I66)",,,current,64,True,578202819,19290321,True,True,True,True,True,1013,0.0,0.0,29.64,71.43,29.8,13.5,2,9,
"=A66+IF(H67=H66,I67-I66,I67)/86400000","=IF(H67=H66,I67-I66,I67)",,,current,65,True,578202819,19591296,True,True,True,True,True,1013,0.0,0.0,29.69,71.46,29.8,13.6,3,12,
"=A67+IF(H68=H67,I68-I67,I68)/86400000","=IF(H68=H67,I68-I67,I68)",,,current,66,True,578202819,19892273,True,True,True,True,True,1013,0.0,0.0,29.71,71.51,29.8,13.6,3,12,
"=A68+IF(H69=H68,I69-I68,I69)/86400000","=IF(H69=H68,I69-I68,I69)",,,current,67,True,578202819,20193250,True,True,True,True,True,1013,0.0,0.0,29.77,71.6,29.8,13.5,3,13,
"=A69+IF(H70=H69,I70-I69,I70)/86400000","=IF(H70=H69,I70-I69,I70)",,,current,68,True,578202819,20494227,True,True,True,True,True,1013,0.0,0.0,29.8,71.61,29.8,13.6,3,12,
"=A70+IF(H71=H70,I71-I70,I71)/86400000","=IF(H71=H70,I71-I70,I71)",,,current,69,True,578202819,20795207,True,True,True,True,True,1013,0.0,0.0,29.84,71.66,29.8,13.6,3,12,
"=A71+IF(H72=H71,I72-I71,I72)/86400000","=IF(H72=H71,I72-I71,I72)",,,current,70,True,578202819,21096220,True,True,True,True,True,1013,0.0,0.0,29.9,71.71,29.8,13.6,3,12,
"=A72+IF(H73=H72,I73-I72,I73)/86400000","=IF(H73=H72,I73-I72,I73)",,,current,71,True,578202819,21397178,True,True,True,True,True,1013,0.0,0.0,29.88,71.78,29.8,13.6,3,12,
"=A73+IF(H74=H73,I74-I73,I74)/86400000","=IF(H74=H73,I74-I73,I74)",,,current,72,True,578202819,21698137,True,True,True,True,True,1013,0.033,0.89,29.94,71.8,29.8,13.6,3,12,
"=A74+IF(H75=H74,I75-I74,I75)/86400000","=IF(H75=H74,I75-I74,I75)",,,current,73,True,578202819,21999099,True,True,True,True,True,1013,0.0,0.0,30.02,71.84,29.8,13.5,3,13,
"=A75+IF(H76=H75,I76-I75,I76)/86400000","=IF(H76=H75,I76-I75,I76)",,,current,74,True,578202819,22300061,True,True,True,True,True,1013,0.0,0.0,30.03,71.88,29.8,13.6,3,14,
"=A76+IF(H77=H76,I77-I76,I77)/86400000","=IF(H77=H76,I77-I76,I77)",,,current,75,True,578202819,22601027,True,True,True,True,True,1013,0.0,0.0,30.09,71.96,29.8,13.6,3,15,
"=A77+IF(H78=H77,I78-I77,I78)/86400000","=IF(H78=H77,I78-I77,I78)",,,current,76,True,578202819,22901996,True,True,True,True,True,1013,0.0,0.0,30.14,71.97,29.8,13.6,3,14,
"=A78+IF(H79=H78,I79-I78,I79)/86400000","=IF(H79=H78,I79-I78,I79)",,,current,77,True,578202819,23202962,True,True,True,True,True,1013,0.001,0.033,30.14,72.01,29.8,13.6,3,14,
"=A79+IF(H80=H79,I80-I79,I80)/86400000","=IF(H80=H79,I80-I79,I80)",,,current,78,True,578202819,23503931,True,True,True,True,True,1013,0.0,0.0,30.26,72.08,29.8,13.6,4,17,
"=A80+IF(H81=H80,I81-I80,I81)/86400000","=IF(H81=H80,I81-I80,I81)",,,current,79,True,578202819,23804903,True,True,True,True,True,1013,0.0,0.0,30.33,72.11,29.8,13.6,4,17,
"=A81+IF(H82=H81,I82-I81,I82)/86400000","=IF(H82=H81,I82-I81,I82)",,,current,80,True,578202819,24105880,True,True,True,True,True,1013,0.0,0.0,30.37,72.11,29.8,13.6,4,17,
"=A82+IF(H83=H82,I83-I82,I83)/86400000","=IF(H83=H82,I83-I82,I83)",,,current,81,True,578202819,24406861,True,True,True,True,True,1013,0.0,0.0,30.45,72.23,29.8,13.5,4,19,
"=A83+IF(H84=H83,I84-I83,I84)/86400000","=IF(H84=H83,I84-I83,I84)",,,current,82,True,578202819,24707824,True,True,True,True,True,1013,0.0,0.0,30.55,72.28,29.7,13.5,4,20,
"=A84+IF(H85=H84,I85-I84,I85)/86400000","=IF(H85=H84,I85-I84,I85)",,,current,83,True,578202819,25008789,True,True,True,True,True,1013,0.0,0.0,30.62,72.31,29.7,13.6,5,24,
"=A85+IF(H86=H85,I86-I85,I86)/86400000","=IF(H86=H85,I86-I85,I86)",,,current,84,True,578202819,25309757,True,True,True,True,True,1013,0.0,0.0,30.76,72.32,29.7,13.6,6,26,
"=A86+IF(H87=H86,I87-I86,I87)/86400000","=IF(H87=H86,I87-I86,I87)",,,current,85,True,578202819,25610728,True,True,True,True,True,1013,0.0,0.0,30.9,72.49,29.7,13.5,6,25,
"=A87+IF(H88=H87,I88-I87,I88)/86400000","=IF(H88=H87,I88-I87,I88)",,,current,86,True,578202819,25911735,True,True,True,True,True,1013,0.0,0.0,30.94,72.42,29.7,13.6,7,28,
"=A88+IF(H89=H88,I89-I88,I89)/86400000","=IF(H89=H88,I89-I88,I89)",,,current,87,True,578202819,26212681,True,True,True,True,True,1013,0.0,0.0,31.07,72.55,29.7,13.6,7,30,
"=A89+IF(H90=H89,I90-I89,I90)/86400000","=IF(H90=H89,I90-I89,I90)",,,current,88,True,578202819,26513628,True,True,True,True,True,1013,0.0,0.0,31.19,72.58,29.7,13.5,8,32,
"=A90+IF(H91=H90,I91-I90,I91)/86400000","=IF(H91=H90,I91-I90,I91)",,,current,89,True,578202819,26814577,True,True,True,True,True,1013,0.0,0.0,31.3,72.64,29.7,13.5,9,36,
"=A91+IF(H92=H91,I92-I91,I92)/86400000","=IF(H92=H91,I92-I91,I92)",,,current,90,True,578202819,27115527,True,True,True,True,True,1013,0.0,0.0,31.38,72.67,29.7,13.5,10,41,
"=A92+IF(H93=H92,I93-I92,I93)/86400000","=IF(H93=H92,I93-I92,I93)",,,current,91,True,578202819,27416481,True,True,True,True,True,1013,0.011,0.297,31.6,72.77,29.7,13.5,13,52,
"=A93+IF(H94=H93,I94-I93,I94)/86400000","=IF(H94=H93,I94-I93,I94)",,,current,92,True,578202819,27717436,True,True,True,True,True,1013,0.0,0.0,31.76,72.83,29.7,13.5,14,54,
"=A94+IF(H95=H94,I95-I94,I95)/86400000","=IF(H95=H94,I95-I94,I95)",,,current,93,True,578202819,28018396,True,True,True,True,True,1013,0.0,0.0,31.91,72.89,29.7,13.6,16,66,
"=A95+IF(H96=H95,I96-I95,I96)/86400000","=IF(H96=H95,I96-I95,I96)",,,current,94,True,578202819,28319356,True,True,True,True,True,1013,0.106,2.868,32.12,72.86,29.8,13.6,17,71,
"=A96+IF(H97=H96,I97-I96,I97)/86400000","=IF(H97=H96,I97-I96,I97)",,,current,95,True,578202819,28620319,True,True,True,True,True,1013,0.0,0.0,32.26,72.98,29.8,13.5,18,76,
"=A97+IF(H98=H97,I98-I97,I98)/86400000","=IF(H98=H97,I98-I97,I98)",,,current,96,True,578202819,28921284,True,True,True,True,True,1014,0.0,0.0,32.56,73.01,29.8,13.5,30,121,
"=A98+IF(H99=H98,I99-I98,I99)/86400000","=IF(H99=H98,I99-I98,I99)",,,current,97,True,578202819,29222249,True,True,True,True,True,1014,0.0,0.0,33.07,73.14,29.8,13.6,35,148,
"=A99+IF(H100=H99,I100-I99,I100)/86400000","=IF(H100=H99,I100-I99,I100)",,,current,98,True,578202819,29523217,True,True,True,True,True,1013,0.0,0.0,33.49,73.2,29.9,13.6,56,305,
"=A100+IF(H101=H100,I101-I100,I101)/86400000","=IF(H101=H100,I101-I100,I101)",,,current,99,True,578202819,29824186,True,True,True,True,True,1014,0.032,0.857,34.03,73.34,29.9,13.6,119,959,
"=A101+IF(H102=H101,I102-I101,I102)/86400000","=IF(H102=H101,I102-I101,I102)",,,current,100,True,578202819,30125159,True,True,True,True,True,1014,0.0,0.0,39.39,73.97,30.0,13.6,120,695,
"=A102+IF(H103=H102,I103-I102,I103)/86400000","=IF(H103=H102,I103-I102,I103)",,,current,101,True,578202819,30426134,True,True,True,True,True,1015,0.0,0.0,40.64,74.46,30.3,13.7,177,899,
"=A103+IF(H104=H103,I104-I103,I104)/86400000","=IF(H104=H103,I104-I103,I104)",,,current,102,True,578202819,30727139,True,True,True,True,True,1014,0.0,0.0,42.91,74.79,30.7,13.9,215,1014,
"=A104+IF(H105=H104,I105-I104,I105)/86400000","=IF(H105=H104,I105-I104,I105)",,,current,103,True,578202819,31028087,True,True,True,True,True,1014,0.0,0.0,44.05,75.08,31.2,13.9,222,1030,
"=A105+IF(H106=H105,I106-I105,I106)/86400000","=IF(H106=H105,I106-I105,I106)",,,current,104,True,578202819,31329037,True,True,True,True,True,1014,0.0,0.0,44.61,74.68,31.7,13.9,228,1041,
"=A106+IF(H107=H106,I107-I106,I107)/86400000","=IF(H107=H106,I107-I106,I107)",,,current,105,True,578202819,31629987,True,True,True,True,True,1015,0.0,0.0,42.57,74.41,32.1,13.9,233,1046,
"=A107+IF(H108=H107,I108-I107,I108)/86400000","=IF(H108=H107,I108-I107,I108)",,,current,106,True,578202819,31930941,True,True,True,True,True,1014,0.016,0.429,43.36,74.04,32.5,13.9,233,1049,
"=A108+IF(H109=H108,I109-I108,I109)/86400000","=IF(H109=H108,I109-I108,I109)",,,current,107,True,578202819,32231898,True,True,True,True,True,1014,0.0,0.0,43.73,73.79,32.9,13.9,235,1058,
"=A109+IF(H110=H109,I110-I109,I110)/86400000","=IF(H110=H109,I110-I109,I110)",,,current,108,True,578202819,32532858,True,True,True,True,True,1015,0.0,0.0,43.43,73.32,33.2,13.9,237,1071,
"=A110+IF(H111=H110,I111-I110,I111)/86400000","=IF(H111=H110,I111-I110,I111)",,,current,109,True,578202819,32833819,True,True,True,True,True,1015,0.0,0.0,44.64,73.12,33.5,13.9,236,1072,
"=A111+IF(H112=H111,I112-I111,I112)/86400000","=IF(H112=H111,I112-I111,I112)",,,current,110,True,578202819,33134783,True,True,True,True,True,1014,0.0,0.0,45.06,73.36,33.7,13.8,237,1084,
"=A112+IF(H113=H112,I113-I112,I113)/86400000","=IF(H113=H112,I113-I112,I113)",,,current,111,True,578202819,33435748,True,True,True,True,True,1014,0.0,0.0,47.3,73.01,33.9,13.8,246,1076,
"=A113+IF(H114=H113,I114-I113,I114)/86400000","=IF(H114=H113,I114-I113,I114)",,,current,112,True,578202819,33736715,True,True,True,True,True,1014,0.0,0.0,47.45,72.82,34.1,13.7,246,1099,
"=A114+IF(H115=H114,I115-I114,I115)/86400000","=IF(H115=H114,I115-I114,I115)",,,current,113,True,578202819,34037683,True,True,True,True,True,1014,0.0,0.0,47.72,72.11,34.2,13.6,248,1113,
"=A115+IF(H116=H115,I116-I115,I116)/86400000","=IF(H116=H115,I116-I115,I116)",,,current,114,True,578202819,34338653,True,True,True,True,True,1014,0.0,0.0,46.81,71.61,34.2,13.6,244,1113,
"=A116+IF(H117=H116,I117-I116,I117)/86400000","=IF(H117=H116,I117-I116,I117)",,,current,115,True,578202819,34639627,True,True,True,True,True,1014,0.0,0.0,48.89,71.42,34.3,13.6,240,1106,
"=A117+IF(H118=H117,I118-I117,I118)/86400000","=IF(H118=H117,I118-I117,I118)",,,current,116,True,578202819,34940602,True,True,True,True,True,1014,0.0,0.0,47.92,70.92,34.5,13.6,234,1112,
"=A118+IF(H119=H118,I119-I118,I119)/86400000","=IF(H119=H118,I119-I118,I119)",,,current,117,True,578202819,35241577,True,True,True,True,True,1014,0.002,0.066,48.44,70.08,34.5,13.6,225,1115,
"=A119+IF(H120=H119,I120-I119,I120)/86400000","=IF(H120=H119,I120-I119,I120)",高温需关注,空气温度达到或超过 50°C；请结合安装位置和日照判断,current,118,True,578202819,35542585,True,True,True,True,True,1014,0.0,0.0,50.24,70.13,34.5,13.5,215,668,
"=A120+IF(H121=H120,I121-I120,I121)/86400000","=IF(H121=H120,I121-I120,I121)",,,current,119,True,578202819,35843535,True,True,True,True,True,1014,0.0,0.0,49.79,69.36,34.7,13.5,205,143,
"=A121+IF(H122=H121,I122-I121,I122)/86400000","=IF(H122=H121,I122-I121,I122)",,,current,120,True,578202819,36144490,True,True,True,True,True,1014,0.006,0.165,49.95,69.2,34.8,13.5,168,135,
"=A122+IF(H123=H122,I123-I122,I123)/86400000","=IF(H123=H122,I123-I122,I123)",,,current,121,True,578202819,36445448,True,True,True,True,True,1014,0.0,0.0,47.07,68.39,34.8,13.5,181,119,
"=A123+IF(H124=H123,I124-I123,I124)/86400000","=IF(H124=H123,I124-I123,I124)",,,current,122,True,578202819,36746408,True,True,True,True,True,1013,0.0,0.0,48.21,67.76,35.0,13.5,192,118,
"=A124+IF(H125=H124,I125-I124,I125)/86400000","=IF(H125=H124,I125-I124,I125)",,,current,123,True,578202819,37047369,True,True,True,True,True,1013,0.0,0.0,47.85,67.49,35.1,13.5,202,266,
"=A125+IF(H126=H125,I126-I125,I126)/86400000","=IF(H126=H125,I126-I125,I126)",,,current,124,True,578202819,37348331,True,True,True,True,True,1013,0.0,0.0,47.23,66.96,35.0,13.4,159,340,
"=A126+IF(H127=H126,I127-I126,I127)/86400000","=IF(H127=H126,I127-I126,I127)",,,current,125,True,578202819,37649296,True,True,True,True,True,1013,0.0,0.0,45.76,66.35,34.9,13.4,138,206,
"=A127+IF(H128=H127,I128-I127,I128)/86400000","=IF(H128=H127,I128-I127,I128)",,,current,126,True,578202819,37950260,True,True,True,True,True,1013,0.0,0.0,41.3,65.42,34.8,13.4,128,122,
"=A128+IF(H129=H128,I129-I128,I129)/86400000","=IF(H129=H128,I129-I128,I129)",,,current,127,True,578202819,38251227,True,True,True,True,True,1013,0.012,0.33,40.32,64.76,34.7,13.4,122,337,
"=A129+IF(H130=H129,I130-I129,I130)/86400000","=IF(H130=H129,I130-I129,I130)",,,current,128,True,578202819,38552197,True,True,True,True,True,1013,0.0,0.0,39.3,64.19,34.5,13.4,112,118,
"=A130+IF(H131=H130,I131-I130,I131)/86400000","=IF(H131=H130,I131-I130,I131)",,,current,129,True,578202819,38853170,True,True,True,True,True,1013,0.0,0.0,39.74,63.98,34.5,13.3,107,209,
"=A131+IF(H132=H131,I132-I131,I132)/86400000","=IF(H132=H131,I132-I131,I132)",,,current,130,True,578202819,39154141,True,True,True,True,True,1013,0.0,0.0,40.11,63.97,34.4,13.3,105,216,
"=A132+IF(H133=H132,I133-I132,I133)/86400000","=IF(H133=H132,I133-I132,I133)",,,current,131,True,578202819,39455117,True,True,True,True,True,1013,0.0,0.0,40.13,63.75,34.4,13.3,104,176,
"=A133+IF(H134=H133,I134-I133,I134)/86400000","=IF(H134=H133,I134-I133,I134)",,,current,132,True,578202819,39756094,True,True,True,True,True,1012,0.023,0.626,40.75,63.71,34.3,13.3,90,123,
"=A134+IF(H135=H134,I135-I134,I135)/86400000","=IF(H135=H134,I135-I134,I135)",,,current,133,True,578202819,40057075,True,True,True,True,True,1013,0.0,0.0,40.52,63.69,34.2,13.2,85,114,
"=A135+IF(H136=H135,I136-I135,I136)/86400000","=IF(H136=H135,I136-I135,I136)",,,current,134,True,578202819,40358085,True,True,True,True,True,1012,0.0,0.0,39.55,63.45,34.2,13.2,83,122,
"=A136+IF(H137=H136,I137-I136,I137)/86400000","=IF(H137=H136,I137-I136,I137)",,,current,135,True,578202819,40659041,True,True,True,True,True,1012,0.021,0.56,39.11,63.02,34.1,13.2,80,115,
"=A137+IF(H138=H137,I138-I137,I138)/86400000","=IF(H138=H137,I138-I137,I138)",,,current,136,True,578202819,40959998,True,True,True,True,True,1012,0.0,0.0,38.9,62.85,34.0,13.2,75,110,
"=A138+IF(H139=H138,I139-I138,I139)/86400000","=IF(H139=H138,I139-I138,I139)",,,current,137,True,578202819,41260956,True,True,True,True,True,1012,0.0,0.0,38.92,62.74,33.9,13.2,61,103,
"=A139+IF(H140=H139,I140-I139,I140)/86400000","=IF(H140=H139,I140-I139,I140)",,,current,138,True,578202819,41561916,True,True,True,True,True,1012,0.0,0.0,38.67,62.59,33.8,13.2,12,45,
"=A140+IF(H141=H140,I141-I140,I141)/86400000","=IF(H141=H140,I141-I140,I141)",,,current,139,True,578202819,41862877,True,True,True,True,True,1012,0.0,0.0,38.13,62.27,33.7,13.2,42,114,
"=A141+IF(H142=H141,I142-I141,I142)/86400000","=IF(H142=H141,I142-I141,I142)",,,current,140,True,578202819,42163841,True,True,True,True,True,1012,0.0,0.0,38.87,62.32,33.7,13.2,69,131,
"=A142+IF(H143=H142,I143-I142,I143)/86400000","=IF(H143=H142,I143-I142,I143)",,,current,141,True,578202819,42464806,True,True,True,True,True,1012,0.0,0.0,38.7,62.29,33.7,13.1,63,125,
"=A143+IF(H144=H143,I144-I143,I144)/86400000","=IF(H144=H143,I144-I143,I144)",,,current,142,True,578202819,42765776,True,True,True,True,True,1012,0.0,0.0,39.35,62.18,33.6,13.1,61,120,
"=A144+IF(H145=H144,I145-I144,I145)/86400000","=IF(H145=H144,I145-I144,I145)",,,current,143,True,578202819,43066748,True,True,True,True,True,1012,0.0,0.0,39.42,62.06,33.6,13.1,59,179,
"=A145+IF(H146=H145,I146-I145,I146)/86400000","=IF(H146=H145,I146-I145,I146)",,,current,144,True,578202819,43367719,True,True,True,True,True,1012,0.0,0.0,39.02,62.03,33.5,13.1,54,187,
"=A146+IF(H147=H146,I147-I146,I147)/86400000","=IF(H147=H146,I147-I146,I147)",,,current,145,True,578202819,43668692,True,True,True,True,True,1012,0.0,0.0,38.93,61.84,33.5,13.1,55,114,
"=A147+IF(H148=H147,I148-I147,I148)/86400000","=IF(H148=H147,I148-I147,I148)",,,current,146,True,578202819,43969668,True,True,True,True,True,1011,0.0,0.0,38.81,61.74,33.4,13.0,57,122,
"=A148+IF(H149=H148,I149-I148,I149)/86400000","=IF(H149=H148,I149-I148,I149)",,,current,147,True,578202819,44270644,True,True,True,True,True,1012,0.0,0.0,38.86,61.57,33.4,13.1,57,124,
"=A149+IF(H150=H149,I150-I149,I150)/86400000","=IF(H150=H149,I150-I149,I150)",,,current,148,True,578202819,44571621,True,True,True,True,True,1011,0.0,0.0,38.98,61.54,33.4,13.0,54,128,
"=A150+IF(H151=H150,I151-I150,I151)/86400000","=IF(H151=H150,I151-I150,I151)",,,current,149,True,578202819,44872601,True,True,True,True,True,1011,0.0,0.0,38.92,61.4,33.4,13.0,54,131,
"=A151+IF(H152=H151,I152-I151,I152)/86400000","=IF(H152=H151,I152-I151,I152)",,,current,150,True,578202819,45173630,True,True,True,True,True,1011,0.0,0.0,38.47,61.16,33.4,13.0,59,144,
"=A152+IF(H153=H152,I153-I152,I153)/86400000","=IF(H153=H152,I153-I152,I153)",,,current,151,True,578202819,45474597,True,True,True,True,True,1011,0.033,0.89,37.58,60.97,33.4,13.0,14,54,
"=A153+IF(H154=H153,I154-I153,I154)/86400000","=IF(H154=H153,I154-I153,I154)",,,current,152,True,578202819,45775566,True,True,True,True,True,1011,0.0,0.0,38.94,60.94,33.4,13.0,59,168,
"=A154+IF(H155=H154,I155-I154,I155)/86400000","=IF(H155=H154,I155-I154,I155)",,,current,153,True,578202819,46076540,True,True,True,True,True,1011,0.053,1.418,39.01,61.15,33.4,13.0,61,271,
"=A155+IF(H156=H155,I156-I155,I156)/86400000","=IF(H156=H155,I156-I155,I156)",,,current,154,True,578202819,46377515,True,True,True,True,True,1012,0.0,0.0,39.54,61.0,33.4,13.0,59,712,
"=A156+IF(H157=H156,I157-I156,I157)/86400000","=IF(H157=H156,I157-I156,I157)",,,current,155,True,578202819,46678491,True,True,True,True,True,1011,0.0,0.0,39.49,60.9,33.4,13.0,56,386,
"=A157+IF(H158=H157,I158-I157,I158)/86400000","=IF(H158=H157,I158-I157,I158)",,,current,156,True,578202819,46979466,True,True,True,True,True,1011,0.0,0.0,39.45,60.93,33.4,13.0,53,385,
"=A158+IF(H159=H158,I159-I158,I159)/86400000","=IF(H159=H158,I159-I158,I159)",,,current,157,True,578202819,47280447,True,True,True,True,True,1011,0.0,0.0,39.6,60.77,33.4,13.0,52,369,
"=A159+IF(H160=H159,I160-I159,I160)/86400000","=IF(H160=H159,I160-I159,I160)",,,current,158,True,578202819,47581429,True,True,True,True,True,1011,0.0,0.0,39.11,60.64,33.4,12.9,13,57,
"=A160+IF(H161=H160,I161-I160,I161)/86400000","=IF(H161=H160,I161-I160,I161)",,,current,159,True,578202819,47882411,True,True,True,True,True,1011,0.0,0.0,37.5,60.13,33.3,13.0,48,132,
"=A161+IF(H162=H161,I162-I161,I162)/86400000","=IF(H162=H161,I162-I161,I162)",,,current,160,True,578202819,48183393,True,True,True,True,True,1011,0.0,0.0,38.65,60.07,33.3,13.0,46,125,
"=A162+IF(H163=H162,I163-I162,I163)/86400000","=IF(H163=H162,I163-I162,I163)",,,current,161,True,578202819,48484393,True,True,True,True,True,1011,0.0,0.0,39.28,60.2,33.3,13.0,50,166,
"=A163+IF(H164=H163,I164-I163,I164)/86400000","=IF(H164=H163,I164-I163,I164)",,,current,162,True,578202819,48785369,True,True,True,True,True,1011,0.0,0.0,39.16,60.2,33.3,12.9,38,159,
"=A164+IF(H165=H164,I165-I164,I165)/86400000","=IF(H165=H164,I165-I164,I165)",,,current,163,True,578202819,49086345,True,True,True,True,True,1011,0.0,0.0,38.82,59.98,33.3,12.9,43,117,
"=A165+IF(H166=H165,I166-I165,I166)/86400000","=IF(H166=H165,I166-I165,I166)",,,current,164,True,578202819,49387325,True,True,True,True,True,1011,0.0,0.0,39.08,59.89,33.3,12.9,45,117,
"=A166+IF(H167=H166,I167-I166,I167)/86400000","=IF(H167=H166,I167-I166,I167)",,,current,165,True,578202819,49688305,True,True,True,True,True,1011,0.053,1.418,38.79,59.74,33.3,12.9,44,117,
"=A167+IF(H168=H167,I168-I167,I168)/86400000","=IF(H168=H167,I168-I167,I168)",,,current,166,True,578202819,49989319,True,True,True,True,True,1011,0.0,0.0,39.35,59.75,33.3,12.9,41,111,
"=A168+IF(H169=H168,I169-I168,I169)/86400000","=IF(H169=H168,I169-I168,I169)",,,current,167,True,578202819,50290277,True,True,True,True,True,1011,0.0,0.0,39.33,59.7,33.3,12.9,42,112,
"=A169+IF(H170=H169,I170-I169,I170)/86400000","=IF(H170=H169,I170-I169,I170)",,,current,168,True,578202819,50591225,True,True,True,True,True,1011,0.0,0.0,39.04,59.58,33.3,12.9,42,109,
"=A170+IF(H171=H170,I171-I170,I171)/86400000","=IF(H171=H170,I171-I170,I171)",,,current,169,True,578202819,50892175,True,True,True,True,True,1011,0.0,0.0,39.15,59.49,33.3,12.8,42,119,
"=A171+IF(H172=H171,I172-I171,I172)/86400000","=IF(H172=H171,I172-I171,I172)",,,current,170,True,578202819,51193127,True,True,True,True,True,1011,0.0,0.0,39.27,59.37,33.3,12.9,43,130,
"=A172+IF(H173=H172,I173-I172,I173)/86400000","=IF(H173=H172,I173-I172,I173)",,,current,171,True,578202819,51494079,True,True,True,True,True,1010,0.0,0.0,39.01,59.25,33.3,12.8,39,198,
"=A173+IF(H174=H173,I174-I173,I174)/86400000","=IF(H174=H173,I174-I173,I174)",,,current,172,True,578202819,51795035,True,True,True,True,True,1010,0.0,0.0,39.23,59.35,33.3,12.8,11,50,
"=A174+IF(H175=H174,I175-I174,I175)/86400000","=IF(H175=H174,I175-I174,I175)",,,current,173,True,578202819,52095991,True,True,True,True,True,1011,0.0,0.0,39.22,59.03,33.3,12.8,42,175,
"=A175+IF(H176=H175,I176-I175,I176)/86400000","=IF(H176=H175,I176-I175,I176)",,,current,174,True,578202819,52396952,True,True,True,True,True,1011,0.0,0.0,39.59,59.04,33.3,12.8,45,135,
"=A176+IF(H177=H176,I177-I176,I177)/86400000","=IF(H177=H176,I177-I176,I177)",,,current,175,True,578202819,52697916,True,True,True,True,True,1010,0.0,0.0,39.83,59.02,33.3,12.8,38,113,
"=A177+IF(H178=H177,I178-I177,I178)/86400000","=IF(H178=H177,I178-I177,I178)",,,current,176,True,578202819,52998881,True,True,True,True,True,1010,0.0,0.0,39.61,58.9,33.3,12.8,44,135,
"=A178+IF(H179=H178,I179-I178,I179)/86400000","=IF(H179=H178,I179-I178,I179)",,,current,177,True,578202819,53299849,True,True,True,True,True,1010,0.0,0.0,39.87,58.81,33.3,12.8,44,175,
"=A179+IF(H180=H179,I180-I179,I180)/86400000","=IF(H180=H179,I180-I179,I180)",,,current,178,True,578202819,53600816,True,True,True,True,True,1010,0.0,0.0,40.18,58.81,33.3,12.8,41,128,
"=A180+IF(H181=H180,I181-I180,I181)/86400000","=IF(H181=H180,I181-I180,I181)",,,current,179,True,578202819,53918476,True,True,True,True,True,1010,0.0,0.0,39.61,58.62,33.3,12.8,42,209,
"=A181+IF(H182=H181,I182-I181,I182)/86400000","=IF(H182=H181,I182-I181,I182)",,,current,180,True,578202819,54219449,True,True,True,True,True,1010,0.0,0.0,39.68,58.45,33.3,12.8,43,128,
"=A182+IF(H183=H182,I183-I182,I183)/86400000","=IF(H183=H182,I183-I182,I183)",,,current,181,True,578202819,54520422,True,True,True,True,True,1010,0.0,0.0,39.41,58.24,33.3,12.7,42,126,
"=A183+IF(H184=H183,I184-I183,I184)/86400000","=IF(H184=H183,I184-I183,I184)",,,current,182,True,578202819,54821429,True,True,True,True,True,1010,0.094,2.538,39.33,58.16,33.3,12.7,41,135,
"=A184+IF(H185=H184,I185-I184,I185)/86400000","=IF(H185=H184,I185-I184,I185)",,,current,183,True,578202819,55122377,True,True,True,True,True,1010,0.0,0.0,39.23,58.04,33.3,12.7,8,34,
"=A185+IF(H186=H185,I186-I185,I186)/86400000","=IF(H186=H185,I186-I185,I186)",,,current,184,True,578202819,55423328,True,True,True,True,True,1010,0.0,0.0,38.05,57.62,33.2,12.7,7,27,
"=A186+IF(H187=H186,I187-I186,I187)/86400000","=IF(H187=H186,I187-I186,I187)",,,current,185,True,578202819,55724279,True,True,True,True,True,1010,0.0,0.0,37.37,57.34,33.2,13.1,7,31,
"=A187+IF(H188=H187,I188-I187,I188)/86400000","=IF(H188=H187,I188-I187,I188)",,,current,186,True,578202819,56025231,True,True,True,True,True,1010,0.01,0.264,36.99,57.12,33.2,13.1,14,52,
"=A188+IF(H189=H188,I189-I188,I189)/86400000","=IF(H189=H188,I189-I188,I189)",,,current,187,True,578202819,56326187,True,True,True,True,True,1010,0.0,0.0,37.73,57.15,33.2,13.1,12,47,
"=A189+IF(H190=H189,I190-I189,I190)/86400000","=IF(H190=H189,I190-I189,I190)",,,current,188,True,578202819,56627145,True,True,True,True,True,1010,0.0,0.0,37.99,57.2,33.2,13.0,23,88,
"=A190+IF(H191=H190,I191-I190,I191)/86400000","=IF(H191=H190,I191-I190,I191)",,,current,189,True,578202819,56928106,True,True,True,True,True,1010,0.0,0.0,38.67,57.29,33.2,13.0,35,103,
"=A191+IF(H192=H191,I192-I191,I192)/86400000","=IF(H192=H191,I192-I191,I192)",,,current,190,True,578202819,57229069,True,True,True,True,True,1010,0.0,0.0,38.66,57.31,33.2,13.1,39,162,
"=A192+IF(H193=H192,I193-I192,I193)/86400000","=IF(H193=H192,I193-I192,I193)",,,current,191,True,578202819,57530033,True,True,True,True,True,1010,0.0,0.0,38.41,57.22,33.1,13.1,13,51,
"=A193+IF(H194=H193,I194-I193,I194)/86400000","=IF(H194=H193,I194-I193,I194)",,,current,192,True,578202819,57830999,True,True,True,True,True,1010,0.0,0.0,38.36,57.05,33.2,13.1,30,244,
"=A194+IF(H195=H194,I195-I194,I195)/86400000","=IF(H195=H194,I195-I194,I195)",,,current,193,True,578202819,58131967,True,True,True,True,True,1010,0.01,0.264,38.38,57.06,33.1,13.0,26,339,
"=A195+IF(H196=H195,I196-I195,I196)/86400000","=IF(H196=H195,I196-I195,I196)",,,current,194,True,578202819,58432936,True,True,True,True,True,1010,0.0,0.0,38.4,57.01,33.1,13.0,24,95,
"=A196+IF(H197=H196,I197-I196,I197)/86400000","=IF(H197=H196,I197-I196,I197)",,,current,195,True,578202819,58733908,True,True,True,True,True,1009,0.0,0.0,38.06,56.86,33.1,13.0,7,32,
"=A197+IF(H198=H197,I198-I197,I198)/86400000","=IF(H198=H197,I198-I197,I198)",,,current,196,True,578202819,59034881,True,True,True,True,True,1010,0.0,0.0,37.73,56.6,33.1,13.0,24,79,
"=A198+IF(H199=H198,I199-I198,I199)/86400000","=IF(H199=H198,I199-I198,I199)",,,current,197,True,578202819,59335857,True,True,True,True,True,1010,0.0,0.0,38.08,56.66,33.1,13.0,23,93,
"=A199+IF(H200=H199,I200-I199,I200)/86400000","=IF(H200=H199,I200-I199,I200)",,,current,198,True,578202819,59636865,True,True,True,True,True,1010,0.0,0.0,37.9,56.63,33.1,13.0,20,104,
"=A200+IF(H201=H200,I201-I200,I201)/86400000","=IF(H201=H200,I201-I200,I201)",,,current,199,True,578202819,59937815,True,True,True,True,True,1010,0.0,0.0,37.86,56.55,33.1,13.0,19,74,
"=A201+IF(H202=H201,I202-I201,I202)/86400000","=IF(H202=H201,I202-I201,I202)",,,current,200,True,578202819,60238770,True,True,True,True,True,1010,0.0,0.0,37.96,56.46,33.1,13.0,19,72,
"=A202+IF(H203=H202,I203-I202,I203)/86400000","=IF(H203=H202,I203-I202,I203)",,,current,201,True,578202819,60539727,True,True,True,True,True,1010,0.0,0.0,37.65,56.39,33.1,13.0,17,68,
"=A203+IF(H204=H203,I204-I203,I204)/86400000","=IF(H204=H203,I204-I203,I204)",,,current,202,True,578202819,60840685,True,True,True,True,True,1010,0.0,0.0,37.56,56.2,33.0,13.0,17,67,
"=A204+IF(H205=H204,I205-I204,I205)/86400000","=IF(H205=H204,I205-I204,I205)",,,current,203,True,578202819,61141648,True,True,True,True,True,1010,0.0,0.0,37.65,56.14,33.0,13.0,16,60,
"=A205+IF(H206=H205,I206-I205,I206)/86400000","=IF(H206=H205,I206-I205,I206)",,,current,204,True,578202819,61442610,True,True,True,True,True,1010,0.0,0.0,37.57,56.16,33.0,13.0,17,62,
"=A206+IF(H207=H206,I207-I206,I207)/86400000","=IF(H207=H206,I207-I206,I207)",,,current,205,True,578202819,61743571,True,True,True,True,True,1009,0.0,0.0,37.38,56.11,33.1,13.0,16,57,
"=A207+IF(H208=H207,I208-I207,I208)/86400000","=IF(H208=H207,I208-I207,I208)",,,current,206,True,578202819,62044535,True,True,True,True,True,1010,0.0,0.0,37.25,55.92,33.0,13.0,14,52,
"=A208+IF(H209=H208,I209-I208,I209)/86400000","=IF(H209=H208,I209-I208,I209)",,,current,207,True,578202819,62345503,True,True,True,True,True,1010,0.0,0.0,37.2,55.85,33.0,13.0,12,51,
"=A209+IF(H210=H209,I210-I209,I210)/86400000","=IF(H210=H209,I210-I209,I210)",,,current,208,True,578202819,62646473,True,True,True,True,True,1010,0.0,0.0,37.02,55.81,33.0,13.0,12,46,
"=A210+IF(H211=H210,I211-I210,I211)/86400000","=IF(H211=H210,I211-I210,I211)",,,current,209,True,578202819,62947443,True,True,True,True,True,1010,0.0,0.0,36.72,55.68,33.0,13.0,10,39,
"=A211+IF(H212=H211,I212-I211,I212)/86400000","=IF(H212=H211,I212-I211,I212)",,,current,210,True,578202819,63248415,True,True,True,True,True,1010,0.0,0.0,36.68,55.59,33.0,12.9,9,35,
"=A212+IF(H213=H212,I213-I212,I213)/86400000","=IF(H213=H212,I213-I212,I213)",,,current,211,True,578202819,63549389,True,True,True,True,True,1010,0.0,0.0,36.52,55.48,32.9,13.0,4,19,
"=A213+IF(H214=H213,I214-I213,I214)/86400000","=IF(H214=H213,I214-I213,I214)",,,current,212,True,578202819,63850366,True,True,True,True,True,1010,0.0,0.0,36.22,55.41,32.9,12.9,3,13,
"=A214+IF(H215=H214,I215-I214,I215)/86400000","=IF(H215=H214,I215-I214,I215)",采样空档,同一启动会话内 uptime 增加约 194.2 分钟,current,213,True,578202819,75501401,True,True,True,True,True,1012,0.0,0.0,32.85,54.72,31.7,12.6,0,0,
"=A215+IF(H216=H215,I216-I215,I216)/86400000","=IF(H216=H215,I216-I215,I216)",采样空档,同一启动会话内 uptime 增加约 83.5 分钟,current,214,True,578202819,80509570,True,True,True,True,True,1011,0.0,0.0,32.16,55.15,31.5,12.8,0,0,
"=A216+IF(H217=H216,I217-I216,I217)/86400000","=IF(H217=H216,I217-I216,I217)",,,current,215,True,578202819,80810528,True,True,True,True,True,1011,0.0,0.0,32.16,55.2,31.5,12.7,0,0,
"=A217+IF(H218=H217,I218-I217,I218)/86400000","=IF(H218=H217,I218-I217,I218)",,,current,216,True,578202819,81111485,True,True,True,True,True,1011,0.0,0.0,32.12,55.16,31.4,12.8,0,0,
"=A218+IF(H219=H218,I219-I218,I219)/86400000","=IF(H219=H218,I219-I218,I219)",,,current,217,True,578202819,81412444,True,True,True,True,True,1011,0.0,0.0,32.06,55.19,31.5,12.7,0,0,
"=A219+IF(H220=H219,I220-I219,I220)/86400000","=IF(H220=H219,I220-I219,I220)",,,current,218,True,578202819,81713404,True,True,True,True,True,1011,0.0,0.0,32.03,55.22,31.4,12.7,0,0,
"=A220+IF(H221=H220,I221-I220,I221)/86400000","=IF(H221=H220,I221-I220,I221)",,,current,219,True,578202819,82014365,True,True,True,True,True,1011,0.0,0.0,32.05,55.33,31.4,12.9,0,0,
"=A221+IF(H222=H221,I222-I221,I222)/86400000","=IF(H222=H221,I222-I221,I222)",,,current,220,True,578202819,82315330,True,True,True,True,True,1011,0.0,0.0,32.03,55.35,31.4,12.9,0,0,
"=A222+IF(H223=H222,I223-I222,I223)/86400000","=IF(H223=H222,I223-I222,I223)",,,current,221,True,578202819,82616297,True,True,True,True,True,1011,0.0,0.0,32.01,55.42,31.4,12.9,0,0,
"=A223+IF(H224=H223,I224-I223,I224)/86400000","=IF(H224=H223,I224-I223,I224)",,,current,222,True,578202819,82917264,True,True,True,True,True,1011,0.0,0.0,31.97,55.47,31.4,12.8,0,0,
"=A224+IF(H225=H224,I225-I224,I225)/86400000","=IF(H225=H224,I225-I224,I225)",,,current,223,True,578202819,83218235,True,True,True,True,True,1011,0.0,0.0,32.01,55.5,31.4,12.9,0,0,
"=A225+IF(H226=H225,I226-I225,I226)/86400000","=IF(H226=H225,I226-I225,I226)",,,current,224,True,578202819,83519206,True,True,True,True,True,1011,0.0,0.0,31.91,55.51,31.4,12.9,0,0,
"=A226+IF(H227=H226,I227-I226,I227)/86400000","=IF(H227=H226,I227-I226,I227)",,,current,225,True,578202819,83820181,True,True,True,True,True,1011,0.0,0.0,31.87,55.58,31.3,12.9,0,0,
"=A227+IF(H228=H227,I228-I227,I228)/86400000","=IF(H228=H227,I228-I227,I228)",,,current,226,True,578202819,84121155,True,True,True,True,True,1011,0.0,0.0,31.88,55.63,31.3,12.9,0,0,
"=A228+IF(H229=H228,I229-I228,I229)/86400000","=IF(H229=H228,I229-I228,I229)",,,current,227,True,578202819,84422131,True,True,True,True,True,1011,0.0,0.0,31.89,55.74,31.3,12.9,0,0,
"=A229+IF(H230=H229,I230-I229,I230)/86400000","=IF(H230=H229,I230-I229,I230)",,,current,228,True,578202819,84723110,True,True,True,True,True,1011,0.0,0.0,31.82,55.78,31.3,12.8,0,0,
"=A230+IF(H231=H230,I231-I230,I231)/86400000","=IF(H231=H230,I231-I230,I231)",,,current,229,True,578202819,85024090,True,True,True,True,True,1011,0.0,0.0,31.78,55.83,31.3,12.9,0,0,
"=A231+IF(H232=H231,I232-I231,I232)/86400000","=IF(H232=H231,I232-I231,I232)",,,current,230,True,578202819,85325104,True,True,True,True,True,1011,0.0,0.0,31.77,55.91,31.3,12.9,0,0,
"=A232+IF(H233=H232,I233-I232,I233)/86400000","=IF(H233=H232,I233-I232,I233)",,,current,231,True,578202819,85626062,True,True,True,True,True,1011,0.0,0.0,31.7,55.92,31.3,12.8,0,0,
"=A233+IF(H234=H233,I234-I233,I234)/86400000","=IF(H234=H233,I234-I233,I234)",,,current,232,True,578202819,85927022,True,True,True,True,True,1011,0.0,0.0,31.7,55.96,31.3,12.9,0,0,
"=A234+IF(H235=H234,I235-I234,I235)/86400000","=IF(H235=H234,I235-I234,I235)",,,current,233,True,578202819,86227984,True,True,True,True,True,1011,0.0,0.0,31.63,55.98,31.3,12.9,0,0,
"=A235+IF(H236=H235,I236-I235,I236)/86400000","=IF(H236=H235,I236-I235,I236)",,,current,234,True,578202819,86528946,True,True,True,True,True,1011,0.0,0.0,31.62,56.09,31.2,12.8,0,0,
"=A236+IF(H237=H236,I237-I236,I237)/86400000","=IF(H237=H236,I237-I236,I237)",,,current,235,True,578202819,86829910,True,True,True,True,True,1011,0.0,0.0,31.66,56.17,31.2,12.9,0,0,
"=A237+IF(H238=H237,I238-I237,I238)/86400000","=IF(H238=H237,I238-I237,I238)",,,current,236,True,578202819,87130876,True,True,True,True,True,1011,0.001,0.033,31.63,56.17,31.2,12.9,0,0,
"=A238+IF(H239=H238,I239-I238,I239)/86400000","=IF(H239=H238,I239-I238,I239)",,,current,237,True,578202819,87431844,True,True,True,True,True,1011,0.0,0.0,31.58,56.26,31.2,12.9,0,0,
"=A239+IF(H240=H239,I240-I239,I240)/86400000","=IF(H240=H239,I240-I239,I240)",,,current,238,True,578202819,87732818,True,True,True,True,True,1011,0.0,0.0,31.58,56.33,31.2,12.8,0,0,
"=A240+IF(H241=H240,I241-I240,I241)/86400000","=IF(H241=H240,I241-I240,I241)",,,current,239,True,578202819,88033790,True,True,True,True,True,1011,0.0,0.0,31.64,56.41,31.2,12.8,0,0,
"=A241+IF(H242=H241,I242-I241,I242)/86400000","=IF(H242=H241,I242-I241,I242)",,,current,240,True,578202819,88334765,True,True,True,True,True,1011,0.0,0.0,31.64,56.51,31.2,12.9,0,0,
"=A242+IF(H243=H242,I243-I242,I243)/86400000","=IF(H243=H242,I243-I242,I243)",,,current,241,True,578202819,88635745,True,True,True,True,True,1011,0.0,0.0,31.61,56.54,31.1,12.8,0,0,
"=A243+IF(H244=H243,I244-I243,I244)/86400000","=IF(H244=H243,I244-I243,I244)",,,current,242,True,578202819,88936709,True,True,True,True,True,1011,0.0,0.0,31.62,56.6,31.1,12.9,0,0,
"=A244+IF(H245=H244,I245-I244,I245)/86400000","=IF(H245=H244,I245-I244,I245)",,,current,243,True,578202819,89237673,True,True,True,True,True,1011,0.0,0.0,31.67,56.66,31.1,12.9,0,0,
"=A245+IF(H246=H245,I246-I245,I246)/86400000","=IF(H246=H245,I246-I245,I246)",,,current,244,True,578202819,89538642,True,True,True,True,True,1011,0.0,0.0,31.62,56.73,31.1,12.9,0,0,
"=A246+IF(H247=H246,I247-I246,I247)/86400000","=IF(H247=H246,I247-I246,I247)",,,current,245,True,578202819,89839612,True,True,True,True,True,1011,0.0,0.0,31.57,56.85,31.1,12.9,0,0,
"=A247+IF(H248=H247,I248-I247,I248)/86400000","=IF(H248=H247,I248-I247,I248)",,,current,246,True,578202819,90140616,True,True,True,True,True,1011,0.0,0.0,31.56,56.92,31.1,12.8,0,0,
"=A248+IF(H249=H248,I249-I248,I249)/86400000","=IF(H249=H248,I249-I248,I249)",,,current,247,True,578202819,90441564,True,True,True,True,True,1011,0.0,0.0,31.53,56.95,31.1,12.8,0,0,
"=A249+IF(H250=H249,I250-I249,I250)/86400000","=IF(H250=H249,I250-I249,I250)",,,current,248,True,578202819,90742514,True,True,True,True,True,1011,0.0,0.0,31.53,57.05,31.1,12.9,0,0,
"=A250+IF(H251=H250,I251-I250,I251)/86400000","=IF(H251=H250,I251-I250,I251)",,,current,249,True,578202819,91043465,True,True,True,True,True,1011,0.0,0.0,31.54,57.11,31.1,12.9,0,0,
"=A251+IF(H252=H251,I252-I251,I252)/86400000","=IF(H252=H251,I252-I251,I252)",,,current,250,True,578202819,91344418,True,True,True,True,True,1011,0.0,0.0,31.45,57.15,31.1,12.9,0,0,
"=A252+IF(H253=H252,I253-I252,I253)/86400000","=IF(H253=H252,I253-I252,I253)",,,current,251,True,578202819,91645371,True,True,True,True,True,1011,0.0,0.0,31.43,57.24,31.0,12.9,0,0,
"=A253+IF(H254=H253,I254-I253,I254)/86400000","=IF(H254=H253,I254-I253,I254)",,,current,252,True,578202819,91946326,True,True,True,True,True,1011,0.0,0.0,31.4,57.33,31.1,12.9,0,0,
"=A254+IF(H255=H254,I255-I254,I255)/86400000","=IF(H255=H254,I255-I254,I255)",,,current,253,True,578202819,92247283,True,True,True,True,True,1011,0.0,0.0,31.44,57.4,31.1,12.9,0,0,
"=A255+IF(H256=H255,I256-I255,I256)/86400000","=IF(H256=H255,I256-I255,I256)",,,current,254,True,578202819,92548242,True,True,True,True,True,1011,0.0,0.0,31.37,57.39,31.0,12.9,0,0,
"=A256+IF(H257=H256,I257-I256,I257)/86400000","=IF(H257=H256,I257-I256,I257)",,,current,255,True,578202819,92849205,True,True,True,True,True,1011,0.0,0.0,31.36,57.53,31.0,12.8,0,0,
"=A257+IF(H258=H257,I258-I257,I258)/86400000","=IF(H258=H257,I258-I257,I258)",,,current,256,True,578202819,93150172,True,True,True,True,True,1011,0.0,0.0,31.43,57.61,31.0,12.8,0,0,
"=A258+IF(H259=H258,I259-I258,I259)/86400000","=IF(H259=H258,I259-I258,I259)",,,current,257,True,578202819,93451139,True,True,True,True,True,1011,0.0,0.0,31.49,57.73,31.0,12.9,0,0,
"=A259+IF(H260=H259,I260-I259,I260)/86400000","=IF(H260=H259,I260-I259,I260)",,,current,258,True,578202819,93752107,True,True,True,True,True,1011,0.0,0.0,31.45,57.8,31.0,12.9,0,0,
"=A260+IF(H261=H260,I261-I260,I261)/86400000","=IF(H261=H260,I261-I260,I261)",,,current,259,True,578202819,94053077,True,True,True,True,True,1011,0.0,0.0,31.42,57.87,31.0,12.9,0,0,
"=A261+IF(H262=H261,I262-I261,I262)/86400000","=IF(H262=H261,I262-I261,I262)",,,current,260,True,578202819,94354047,True,True,True,True,True,1011,0.0,0.0,31.39,57.96,31.0,12.9,0,0,
"=A262+IF(H263=H262,I263-I262,I263)/86400000","=IF(H263=H262,I263-I262,I263)",,,current,261,True,578202819,94655020,True,True,True,True,True,1011,0.0,0.0,31.38,58.05,31.0,12.9,0,0,
"=A263+IF(H264=H263,I264-I263,I264)/86400000","=IF(H264=H263,I264-I263,I264)",,,current,262,True,578202819,94956027,True,True,True,True,True,1011,0.0,0.0,31.37,58.13,30.9,12.9,0,0,
"=A264+IF(H265=H264,I265-I264,I265)/86400000","=IF(H265=H264,I265-I264,I265)",,,current,263,True,578202819,95256976,True,True,True,True,True,1011,0.0,0.0,31.35,58.22,30.9,12.9,0,0,
"=A265+IF(H266=H265,I266-I265,I266)/86400000","=IF(H266=H265,I266-I265,I266)",,,current,264,True,578202819,95557928,True,True,True,True,True,1011,0.0,0.0,31.31,58.21,30.9,12.9,0,0,
"=A266+IF(H267=H266,I267-I266,I267)/86400000","=IF(H267=H266,I267-I266,I267)",,,current,265,True,578202819,95858879,True,True,True,True,True,1011,0.0,0.0,31.28,58.41,30.9,12.9,0,0,
"=A267+IF(H268=H267,I268-I267,I268)/86400000","=IF(H268=H267,I268-I267,I268)",,,current,266,True,578202819,96159832,True,True,True,True,True,1011,0.0,0.0,31.24,58.44,30.9,12.9,0,0,
"=A268+IF(H269=H268,I269-I268,I269)/86400000","=IF(H269=H268,I269-I268,I269)",,,current,267,True,578202819,96460787,True,True,True,True,True,1011,0.0,0.0,31.21,58.47,30.9,12.9,0,0,
"=A269+IF(H270=H269,I270-I269,I270)/86400000","=IF(H270=H269,I270-I269,I270)",,,current,268,True,578202819,96761746,True,True,True,True,True,1011,0.0,0.0,31.16,58.62,30.9,12.9,0,0,
"=A270+IF(H271=H270,I271-I270,I271)/86400000","=IF(H271=H270,I271-I270,I271)",,,current,269,True,578202819,97062708,True,True,True,True,True,1011,0.0,0.0,31.14,58.68,30.9,12.9,0,0,
"=A271+IF(H272=H271,I272-I271,I272)/86400000","=IF(H272=H271,I272-I271,I272)",,,current,270,True,578202819,97363672,True,True,True,True,True,1011,0.0,0.0,31.15,58.76,30.9,12.9,0,0,
"=A272+IF(H273=H272,I273-I272,I273)/86400000","=IF(H273=H272,I273-I272,I273)",,,current,271,True,578202819,97664637,True,True,True,True,True,1011,0.0,0.0,31.18,58.84,30.9,12.9,0,0,
"=A273+IF(H274=H273,I274-I273,I274)/86400000","=IF(H274=H273,I274-I273,I274)",,,current,272,True,578202819,97965607,True,True,True,True,True,1011,0.0,0.0,31.09,58.9,30.9,12.9,0,0,
"=A274+IF(H275=H274,I275-I274,I275)/86400000","=IF(H275=H274,I275-I274,I275)",,,current,273,True,578202819,98266575,True,True,True,True,True,1011,0.0,0.0,31.11,58.97,30.9,12.9,0,0,
"=A275+IF(H276=H275,I276-I275,I276)/86400000","=IF(H276=H275,I276-I275,I276)",,,current,274,True,578202819,98567544,True,True,True,True,True,1011,0.0,0.0,31.09,59.07,30.9,12.9,0,0,
"=A276+IF(H277=H276,I277-I276,I277)/86400000","=IF(H277=H276,I277-I276,I277)",,,current,275,True,578202819,98868516,True,True,True,True,True,1011,0.0,0.0,31.03,59.14,30.8,12.9,0,0,
"=A277+IF(H278=H277,I278-I277,I278)/86400000","=IF(H278=H277,I278-I277,I278)",,,current,276,True,578202819,99169488,True,True,True,True,True,1011,0.0,0.0,31.0,59.23,30.8,12.9,0,0,
"=A278+IF(H279=H278,I279-I278,I279)/86400000","=IF(H279=H278,I279-I278,I279)",,,current,277,True,578202819,99470462,True,True,True,True,True,1011,0.0,0.0,30.97,59.35,30.8,12.9,0,0,
"=A279+IF(H280=H279,I280-I279,I280)/86400000","=IF(H280=H279,I280-I279,I280)",,,current,278,True,578202819,99771474,True,True,True,True,True,1011,0.0,0.0,30.98,59.43,30.8,12.9,0,0,
"=A280+IF(H281=H280,I281-I280,I281)/86400000","=IF(H281=H280,I281-I280,I281)",,,current,279,True,578202819,100072429,True,True,True,True,True,1011,0.0,0.0,30.94,59.48,30.8,12.9,0,0,
"=A281+IF(H282=H281,I282-I281,I282)/86400000","=IF(H282=H281,I282-I281,I282)",,,current,280,True,578202819,100373386,True,True,True,True,True,1011,0.0,0.0,30.94,59.61,30.8,12.9,0,0,
"=A282+IF(H283=H282,I283-I282,I283)/86400000","=IF(H283=H282,I283-I282,I283)",,,current,281,True,578202819,100674345,True,True,True,True,True,1011,0.0,0.0,30.9,59.68,30.8,12.9,0,0,
"=A283+IF(H284=H283,I284-I283,I284)/86400000","=IF(H284=H283,I284-I283,I284)",,,current,282,True,578202819,100975304,True,True,True,True,True,1011,0.0,0.0,30.88,59.7,30.8,12.9,0,0,
"=A284+IF(H285=H284,I285-I284,I285)/86400000","=IF(H285=H284,I285-I284,I285)",,,current,283,True,578202819,101276264,True,True,True,True,True,1011,0.0,0.0,30.86,59.81,30.8,12.9,0,0,
,,,,,,,,,,,,,,,,,,,,,,,
,,,,,,,,,,,,,,,,,,,,,,,
